file,begin,end,duration,text length
723000,0.0,8.544,8.544,19
976000,0.0,8.886,8.886,14
732000,0.0,11.818666666666667,11.818666666666667,17
735000,0.0,10.06275,10.06275,24
211000,0.0,3.5608333333333335,3.5608333333333335,12
419000,0.0,11.413333333333334,11.413333333333334,29
